ID,Name,State,Address,Stage
224089,Christopher Walsh,CA,22461 Crescent Street,
232072,Stephanie Watson,CA,994 Green Drive,
9945672,Billius Bill,CA,49026 Red Dog Road,
99944842,Sam Smith,CA,11671 Red Dog Road,
457621,Chilly Gonzalez,CA,11122 South Main Ave,
6696708,Bill Billingsly,CA,1206 Powhattan Avenue,
70602010,Charles England,CA,4467 East London St,
44027210,Greg Gregles,CA,96621 Greenwood St,
9021014,Simpathy Lee,CA,975 Gold Flat Road,
7775765,Child Jackson,CA,22021 Greenwood Cir,
77000550,Simpler Smith,CA,444 East Main St,
2245654,Nicole Moss,CA,6012 Sierra Dr,